tracking_time_ns,capture_time_ns,pose_sample_index,source,phase,peak_relative_0_100,contact_strength,palm_relative_0_100,index_relative_0_100,middle_relative_0_100,ring_relative_0_100,little_relative_0_100,thumb_relative_0_100,endpoint_hold
0,1789025759418458000,0,video_contact_and_recorded_pose,Grasping handle,12.5,0.18,0.8,12.2,12.5,3.1,0.8,12.2,False
40004000,1789025759458462000,2,video_contact_and_recorded_pose,Grasping handle,12.9,0.18178405216432583,0.8,12.5,12.9,3.1,0.8,12.2,False
80004000,1789025759498462000,5,video_contact_and_recorded_pose,Grasping handle,13.7,0.18680361008776286,0.8,12.9,13.7,3.5,0.8,12.5,False
120004000,1789025759538462000,8,video_contact_and_recorded_pose,Grasping handle,14.5,0.1945608960111999,0.8,13.3,14.5,3.5,1.2,12.9,False
160009000,1789025759578467000,11,video_contact_and_recorded_pose,Grasping handle,15.3,0.2045595010811361,1.2,14.1,15.3,3.9,1.2,13.3,False
200009000,1789025759618467000,14,video_contact_and_recorded_pose,Grasping handle,16.5,0.21629909632779537,1.2,14.9,16.5,3.9,1.2,14.1,False
260013000,1789025759678471000,18,video_contact_and_recorded_pose,Grasping handle,18,0.2360874321003601,1.2,16.1,18,4.3,1.2,15.3,False
300014000,1789025759718472000,21,video_contact_and_recorded_pose,Grasping handle,19.2,0.2500048999999964,1.2,16.9,19.2,4.7,1.2,16.1,False
320018000,1789025759738476000,22,video_contact_and_recorded_pose,Grasping handle,19.6,0.2569959016044221,1.2,17.3,19.6,4.7,1.2,16.5,False
360018000,1789025759778476000,25,video_contact_and_recorded_pose,Grasping handle,20.8,0.2707260479243925,1.2,18.4,20.8,5.1,1.6,17.3,False
400018000,1789025759818476000,28,video_contact_and_recorded_pose,Grasping handle,21.6,0.2837093035776962,1.6,19.6,21.6,5.5,1.6,18,False
420023000,1789025759838481000,30,video_contact_and_recorded_pose,Grasping handle,22,0.28976676175311755,1.6,21.2,22,5.5,1.6,18.8,False
460023000,1789025759878481000,33,video_contact_and_recorded_pose,Grasping handle,22.7,0.3006961302634213,1.6,22.7,22.4,5.5,1.6,19.6,False
520027000,1789025759938485000,37,video_contact_and_recorded_pose,Grasping handle,24.3,0.31320140441331157,1.6,24.3,22.7,5.5,1.6,20.4,False
560027000,1789025759978485000,40,video_contact_and_recorded_pose,Grasping handle,25.1,0.3182186475591708,1.6,25.1,22.7,5.9,1.6,20.8,False
600027000,1789025760018485000,43,video_contact_and_recorded_pose,Holding cup,25.5,0.3200000000194398,1.6,25.5,23.1,5.9,1.6,20.8,False
640032000,1789025760058490000,46,video_contact_and_recorded_pose,Holding cup,25.5,0.3200419746202203,1.6,25.5,23.1,5.9,1.6,20.8,False
680032000,1789025760098490000,,video_contact_only,Holding cup,25.5,0.32016472779446764,1.6,25.5,21.6,5.5,1.6,22.7,False
700036000,1789025760118494000,,video_contact_only,Holding cup,25.5,0.32025499404476626,1.6,25.5,21.6,5.5,1.6,22.7,False
740037000,1789025760158495000,,video_contact_only,Holding cup,25.5,0.32049039569665444,1.6,25.5,21.6,5.5,1.6,22.7,False
800041000,1789025760218499000,57,video_contact_and_recorded_pose,Holding cup,24.7,0.32097223090694615,1.6,24.7,22.4,5.5,1.6,21.2,False
840041000,1789025760258499000,60,video_contact_and_recorded_pose,Holding cup,24.7,0.3213726008624813,1.6,24.7,22.7,5.9,1.6,21.6,False
860041000,1789025760278499000,61,video_contact_and_recorded_pose,Holding cup,24.7,0.32159482853536003,1.6,24.7,22.7,5.9,1.6,21.6,False
880041000,1789025760298499000,63,video_contact_and_recorded_pose,Holding cup,24.7,0.32183099281979427,1.6,24.7,22.7,5.9,1.6,21.6,False
920046000,1789025760338504000,66,video_contact_and_recorded_pose,Holding cup,24.7,0.3223429228033131,1.6,24.7,23.1,5.9,1.6,21.6,False
980050000,1789025760398508000,70,video_contact_and_recorded_pose,Holding cup,25.1,0.3232010885069615,1.6,25.1,23.1,5.5,1.6,22,False
1000050000,1789025760418508000,71,video_contact_and_recorded_pose,Holding cup,25.1,0.32350893040148,1.6,25.1,23.1,5.5,1.6,22,False
1040050000,1789025760458508000,74,video_contact_and_recorded_pose,Holding cup,25.1,0.32415390770162816,1.6,25.1,22.7,5.5,1.6,22.4,False
1080055000,1789025760498513000,77,video_contact_and_recorded_pose,Holding cup,25.5,0.32483423746903806,1.6,25.5,22.7,5.5,1.6,22.4,False
1120055000,1789025760538513000,80,video_contact_and_recorded_pose,Holding cup,25.9,0.3255451980573284,1.6,25.9,22.7,5.5,1.6,22.4,False
1140055000,1789025760558513000,81,video_contact_and_recorded_pose,Holding cup,25.9,0.3259107737825847,1.6,25.9,22.7,5.9,1.6,22.7,False
1160055000,1789025760578513000,83,video_contact_and_recorded_pose,Holding cup,25.9,0.3262823212767299,1.6,25.9,22.7,5.9,1.6,22.7,False
1200060000,1789025760618518000,86,video_contact_and_recorded_pose,Holding cup,25.9,0.3270411520191975,1.6,25.9,23.1,5.9,1.6,22.7,False
1260060000,1789025760678518000,90,video_contact_and_recorded_pose,Holding cup,26.3,0.32820982273151744,1.6,26.3,23.1,5.9,1.6,22.7,False
1300064000,1789025760718522000,93,video_contact_and_recorded_pose,Holding cup,26.7,0.32900275579987126,1.6,26.7,23.1,5.9,1.6,22.4,False
1340064000,1789025760758522000,96,video_contact_and_recorded_pose,Holding cup,27.1,0.32980129162574956,1.6,27.1,23.1,5.9,1.6,22.4,False
1360069000,1789025760778527000,97,video_contact_and_recorded_pose,Holding cup,27.1,0.33020136790111815,1.6,27.1,23.1,5.9,1.6,22.4,False
1400069000,1789025760818527000,100,video_contact_and_recorded_pose,Holding cup,27.1,0.3309998923767173,1.6,27.1,23.1,5.9,1.6,22.4,False
1460073000,1789025760878531000,104,video_contact_and_recorded_pose,Holding cup,27.8,0.33218565375811604,1.6,27.8,23.1,5.9,1.6,22.7,False
1480073000,1789025760898531000,106,video_contact_and_recorded_pose,Holding cup,27.8,0.33257537759195616,1.6,27.8,23.1,5.9,1.6,23.1,False
1540074000,1789025760958532000,110,video_contact_and_recorded_pose,Holding cup,28.2,0.33372009312803885,1.6,28.2,23.1,5.9,1.6,23.1,False
1560078000,1789025760978536000,112,video_contact_and_recorded_pose,Holding cup,28.2,0.3340916776505672,1.6,28.2,22.7,5.9,1.6,23.5,False
1620078000,1789025761038536000,116,video_contact_and_recorded_pose,Holding cup,28.6,0.335168077765588,1.6,28.6,23.1,5.9,1.6,23.9,False
1640078000,1789025761058536000,117,video_contact_and_recorded_pose,Holding cup,28.6,0.33551227188511346,1.6,28.6,23.1,5.9,1.6,24.3,False
1660083000,1789025761078541000,119,video_contact_and_recorded_pose,Holding cup,28.6,0.33584829780376485,1.6,28.6,23.1,5.9,1.6,24.3,False
1700083000,1789025761118541000,122,video_contact_and_recorded_pose,Holding cup,28.6,0.3364931502550042,1.6,28.6,23.5,5.9,1.6,24.7,False
1720083000,1789025761138541000,123,video_contact_and_recorded_pose,Holding cup,28.6,0.3368009240504017,1.6,28.6,23.5,5.9,1.6,24.7,False
1780087000,1789025761198545000,127,video_contact_and_recorded_pose,Holding cup,28.6,0.3376588627417521,1.6,28.6,23.5,5.9,1.6,25.1,False
1820087000,1789025761238545000,129,video_contact_and_recorded_pose,Holding cup,28.6,0.3381705617413577,1.6,28.6,23.5,5.9,1.6,25.1,False
1840092000,1789025761258550000,131,video_contact_and_recorded_pose,Holding cup,28.6,0.3384066959402328,1.6,28.6,23.5,5.9,1.6,25.1,False
1880092000,1789025761298550000,134,video_contact_and_recorded_pose,Holding cup,29,0.3388364528372322,1.6,29,23.9,5.9,1.6,25.1,False
1940097000,1789025761358555000,138,video_contact_and_recorded_pose,Holding cup,29,0.3393666177629056,1.6,29,23.9,5.9,1.6,25.1,False
1980097000,1789025761398555000,141,video_contact_and_recorded_pose,Holding cup,29,0.3396370509252276,1.6,29,23.9,5.9,1.6,25.1,False
2000097000,1789025761418555000,142,video_contact_and_recorded_pose,Holding cup,29,0.3397456678121664,1.6,29,23.9,5.9,1.6,25.1,False
2040101000,1789025761458559000,145,video_contact_and_recorded_pose,Holding cup,29,0.33990687002172326,1.6,29,23.9,5.9,1.6,25.1,False
2080101000,1789025761498559000,148,video_contact_and_recorded_pose,Holding cup,29,0.33998953418025224,1.6,29,23.9,6.3,1.6,25.1,False
2120106000,1789025761538564000,151,video_contact_and_recorded_pose,Steadying cup,29,0.3400104685805429,1.6,29,23.9,6.3,1.6,25.5,False
2140106000,1789025761558564000,152,video_contact_and_recorded_pose,Steadying cup,29,0.34004142113932356,1.6,29,23.9,6.3,1.6,25.5,False
2160106000,1789025761578564000,154,video_contact_and_recorded_pose,Steadying cup,29.4,0.34009251074671537,1.6,29.4,23.9,6.3,1.6,25.5,False
2200106000,1789025761618564000,157,video_contact_and_recorded_pose,Steadying cup,29.4,0.34025371221844336,1.6,29.4,24.3,6.3,1.6,25.5,False
2240110000,1789025761658568000,159,video_contact_and_recorded_pose,Steadying cup,29.4,0.34049132270310095,1.6,29.4,24.3,6.3,1.6,25.5,False
2320115000,1789025761738573000,165,video_contact_and_recorded_pose,Steadying cup,29.4,0.34118458840335636,1.6,29.4,24.3,5.9,1.6,25.5,False
2380115000,1789025761798573000,169,video_contact_and_recorded_pose,Steadying cup,29.4,0.3418843520580113,1.6,29.4,24.3,6.3,1.6,25.9,False
2400120000,1789025761818578000,170,video_contact_and_recorded_pose,Steadying cup,29.8,0.3421500784062375,1.6,29.8,24.3,6.3,1.6,25.9,False
2440120000,1789025761858578000,173,video_contact_and_recorded_pose,Steadying cup,29.8,0.3427279237641079,1.6,29.8,24.3,6.3,1.6,25.9,False
2480120000,1789025761898578000,176,video_contact_and_recorded_pose,Steadying cup,29.8,0.34336548301086717,1.6,29.8,24.3,6.3,1.6,25.9,False
2520124000,1789025761938582000,179,video_contact_and_recorded_pose,Steadying cup,29.8,0.34406005057275707,1.6,29.8,24.3,6.3,1.6,25.9,False
2580125000,1789025761998583000,183,video_contact_and_recorded_pose,Steadying cup,29.8,0.3452025002441265,1.6,29.8,24.7,6.3,1.6,25.9,False
2600129000,1789025762018587000,185,video_contact_and_recorded_pose,Steadying cup,29.8,0.3456088518876154,1.6,29.8,24.7,6.3,1.6,25.9,False
2640129000,1789025762058587000,188,video_contact_and_recorded_pose,Steadying cup,30.2,0.34645749953520716,1.6,30.2,25.1,6.3,1.6,26.3,False
2680129000,1789025762098587000,190,video_contact_and_recorded_pose,Steadying cup,30.2,0.3473519715577989,1.6,30.2,25.5,6.3,1.6,26.3,False
2720134000,1789025762138592000,193,video_contact_and_recorded_pose,Steadying cup,30.2,0.34828960994242647,1.6,30.2,25.5,6.3,1.6,26.3,False
2740134000,1789025762158592000,195,video_contact_and_recorded_pose,Steadying cup,30.2,0.3487736461441238,1.6,30.2,25.5,6.3,1.6,26.3,False
2780138000,1789025762198596000,198,video_contact_and_recorded_pose,Steadying cup,30.2,0.34977063255285024,1.6,30.2,25.5,6.3,1.6,26.3,False
2820138000,1789025762238596000,200,video_contact_and_recorded_pose,Steadying cup,30.6,0.350803622698356,1.6,30.6,25.5,6.3,1.6,26.3,False
2880143000,1789025762298601000,205,video_contact_and_recorded_pose,Steadying cup,30.6,0.352414859014488,1.6,30.6,25.9,6.3,1.6,26.7,False
2940143000,1789025762358601000,209,video_contact_and_recorded_pose,Steadying cup,30.6,0.3540915667222367,1.6,30.6,25.9,6.3,1.6,27.1,False
2960143000,1789025762378601000,210,video_contact_and_recorded_pose,Steadying cup,30.6,0.35466342728917144,1.6,30.6,25.9,6.3,1.6,27.1,False
2980147000,1789025762398605000,212,video_contact_and_recorded_pose,Steadying cup,31,0.3552413042704099,1.6,31,25.9,6.3,1.6,27.1,False
3020148000,1789025762438606000,215,video_contact_and_recorded_pose,Steadying cup,31,0.35641316962381453,1.6,31,26.3,6.7,1.6,27.1,False
3060152000,1789025762478610000,218,video_contact_and_recorded_pose,Steadying cup,31,0.35760456012030795,1.6,31,26.3,6.7,1.6,27.5,False
3100152000,1789025762518610000,221,video_contact_and_recorded_pose,Steadying cup,31,0.3588124885261783,2,31,26.3,6.7,1.6,27.5,False
3120152000,1789025762538610000,222,video_contact_and_recorded_pose,Steadying cup,31,0.3594218307152246,2,31,26.3,6.7,1.6,27.5,False
3160157000,1789025762578615000,225,video_contact_and_recorded_pose,Steadying cup,31.4,0.36064968908238365,2,31.4,26.3,6.7,2,27.5,False
3200157000,1789025762618615000,228,video_contact_and_recorded_pose,Steadying cup,31.4,0.36188710602857954,2,31.4,26.3,6.7,2,27.5,False
3240157000,1789025762658615000,231,video_contact_and_recorded_pose,Steadying cup,31.8,0.3631314565164421,2,31.8,26.3,6.7,2,27.5,False
3300161000,1789025762718619000,235,video_contact_and_recorded_pose,Steadying cup,31.8,0.36500503124996986,2,31.8,26.7,6.7,2,27.5,False
3320161000,1789025762738619000,236,video_contact_and_recorded_pose,Steadying cup,31.8,0.36562997197077957,2,31.8,26.7,6.7,2,27.5,False
3360166000,1789025762778624000,239,video_contact_and_recorded_pose,Steadying cup,31.8,0.3668786119953367,2,31.8,26.7,6.7,2,27.5,False
3380166000,1789025762798624000,241,video_contact_and_recorded_pose,Steadying cup,31.8,0.3675014606928674,2,31.8,26.7,6.7,2,27.5,False
3440170000,1789025762858628000,245,video_contact_and_recorded_pose,Steadying cup,31.8,0.3693603905660958,2,31.8,27.1,6.7,2,27.5,False
3460171000,1789025762878629000,246,video_contact_and_recorded_pose,Steadying cup,32.2,0.36997561901880294,2,32.2,27.1,6.7,2,27.5,False
3500171000,1789025762918629000,249,video_contact_and_recorded_pose,Steadying cup,32.2,0.3711973248151794,2,32.2,27.1,6.7,2,27.5,False
3540175000,1789025762958633000,252,video_contact_and_recorded_pose,Steadying cup,32.2,0.37240524984045603,2,32.2,27.1,6.7,2,27.5,False
3580175000,1789025762998633000,255,video_contact_and_recorded_pose,Steadying cup,32.2,0.37359637452452,2,32.2,27.5,6.7,2,27.5,False
3620175000,1789025763038633000,258,video_contact_and_recorded_pose,Steadying cup,32.2,0.3747680426113617,2,32.2,27.5,6.7,2,27.8,False
3660180000,1789025763078638000,261,video_contact_and_recorded_pose,Steadying cup,32.2,0.3759176184968328,2,32.2,27.5,6.7,2,27.8,False
3680180000,1789025763098638000,262,video_contact_and_recorded_pose,Steadying cup,32.5,0.37648312779989995,2,32.5,27.5,6.7,2,27.8,False
3720184000,1789025763138642000,265,video_contact_and_recorded_pose,Steadying cup,32.5,0.3775941078163716,2,32.5,27.5,6.7,2,27.5,False
3760184000,1789025763178642000,268,video_contact_and_recorded_pose,Steadying cup,32.5,0.3786757959351309,2,32.5,27.5,6.7,2,27.5,False
3820189000,1789025763238647000,272,video_contact_and_recorded_pose,Steadying cup,32.5,0.38023766715471996,2,32.5,27.5,6.7,2,27.5,False
3860189000,1789025763278647000,275,video_contact_and_recorded_pose,Steadying cup,32.5,0.38123424919547144,2,32.5,27.8,6.7,2,27.5,False
3900189000,1789025763318647000,278,video_contact_and_recorded_pose,Steadying cup,32.9,0.38219192922233397,2,32.9,27.8,7.1,2,27.5,False
3940194000,1789025763358652000,281,video_contact_and_recorded_pose,Steadying cup,32.9,0.38310804123648423,2,32.9,27.8,7.1,2,27.5,False
3980194000,1789025763398652000,284,video_contact_and_recorded_pose,Steadying cup,32.9,0.3839795781714067,2,32.9,27.8,7.1,2,27.8,False
4000194000,1789025763418652000,285,video_contact_and_recorded_pose,Steadying cup,32.9,0.3843978068645624,2,32.9,28.2,7.1,2,27.8,False
4040198000,1789025763458656000,288,video_contact_and_recorded_pose,Steadying cup,32.9,0.38519752603124535,2,32.9,28.2,7.1,2,27.5,False
4120203000,1789025763538661000,294,video_contact_and_recorded_pose,Steadying cup,32.5,0.38663989704150387,2,32.5,28.6,7.1,2,27.5,False
4140203000,1789025763558661000,295,video_contact_and_recorded_pose,Steadying cup,32.5,0.38696573456123373,2,32.5,28.6,7.1,2,27.5,False
4180203000,1789025763598661000,298,video_contact_and_recorded_pose,Steadying cup,32.5,0.38757330180555466,2,32.5,29,7.1,2,27.5,False
4220208000,1789025763638666000,301,video_contact_and_recorded_pose,Steadying cup,32.5,0.38811980821023123,2,32.5,29,7.1,2,27.5,False
4260208000,1789025763678666000,304,video_contact_and_recorded_pose,Steadying cup,32.5,0.3886023390986016,2,32.5,29,7.1,2,27.5,False
4280208000,1789025763698666000,305,video_contact_and_recorded_pose,Steadying cup,32.5,0.3888187727372312,2,32.5,29,7.1,2,27.5,False
4300212000,1789025763718670000,307,video_contact_and_recorded_pose,Steadying cup,32.5,0.38901822703384314,2,32.5,29,7.1,2,27.1,False
4360212000,1789025763778670000,311,video_contact_and_recorded_pose,Steadying cup,32.5,0.38951088749615564,2,32.5,29,7.1,2,27.1,False
4380212000,1789025763798670000,313,video_contact_and_recorded_pose,Steadying cup,32.5,0.3896387576965561,2,32.5,29,7.1,2,27.1,False
4400217000,1789025763818675000,314,video_contact_and_recorded_pose,Steadying cup,32.5,0.3897478991217888,2,32.5,29,7.1,2,27.1,False
4460217000,1789025763878675000,318,video_contact_and_recorded_pose,Steadying cup,32.5,0.38995923965943335,2,32.5,29,7.1,2,26.7,False
4500221000,1789025763918679000,321,video_contact_and_recorded_pose,Steadying cup,32.5,0.39000000226097237,2,32.5,29,7.1,2,26.7,False
4520221000,1789025763938679000,323,video_contact_and_recorded_pose,Steadying cup,32.5,0.39001878826696584,2,32.5,29.4,7.1,2,26.7,False
4540222000,1789025763958680000,324,video_contact_and_recorded_pose,Steadying cup,32.5,0.390073782811073,2,32.5,29.4,7.1,2,26.7,False
4560222000,1789025763978680000,325,video_contact_and_recorded_pose,Steadying cup,32.5,0.3901641573145532,2,32.5,29.4,7.1,2,26.7,False
4600226000,1789025764018684000,,video_contact_only,Steadying cup,31,0.39044779462570056,2,31,26.7,6.7,2,27.8,False
4660226000,1789025764078684000,,video_contact_only,Steadying cup,31.4,0.3911180044680586,2,31.4,26.7,6.7,2,27.8,False
4700231000,1789025764118689000,,video_contact_only,Steadying cup,31.4,0.3917184820309632,2,31.4,26.7,6.7,2,27.8,False
4720231000,1789025764138689000,,video_contact_only,Steadying cup,31.4,0.39206229416399374,2,31.4,26.7,6.7,2,27.8,False
4780235000,1789025764198693000,,video_contact_only,Steadying cup,31.4,0.3932583702110001,2,31.4,26.7,6.7,2,27.8,False
4800235000,1789025764218693000,,video_contact_only,Steadying cup,31.4,0.3937091452227713,2,31.4,26.7,6.7,2,27.8,False
4840235000,1789025764258693000,,video_contact_only,Steadying cup,31.4,0.39468391726277474,2,31.4,26.7,6.7,2,27.8,False
4900240000,1789025764318698000,,video_contact_only,Steadying cup,31.8,0.3963169287789125,2,31.8,27.1,6.7,2,28.2,False
4940240000,1789025764358698000,,video_contact_only,Steadying cup,31.8,0.3975097209786381,2,31.8,27.1,6.7,2,28.2,False
4980245000,1789025764398703000,,video_contact_only,Steadying cup,31.8,0.3987783568521398,2,31.8,27.1,6.7,2,28.2,False
5000245000,1789025764418703000,,video_contact_only,Steadying cup,31.8,0.39943892013057775,2,31.8,27.1,6.7,2,28.2,False
5020245000,1789025764438703000,,video_contact_only,Steadying cup,31.8,0.40011593423206093,2,31.8,27.1,6.7,2,28.2,False
5060249000,1789025764478707000,361,video_contact_and_recorded_pose,Steadying cup,31,0.4015161656382987,2,31,29.8,7.5,2,26.3,False
5100249000,1789025764518707000,364,video_contact_and_recorded_pose,Steadying cup,30.2,0.40297218614172603,2,29,30.2,7.5,2,26.7,False
5120249000,1789025764538707000,365,video_contact_and_recorded_pose,Steadying cup,30.2,0.4037191110642216,2,29,30.2,7.5,2,27.1,False
5160254000,1789025764578712000,368,video_contact_and_recorded_pose,Steadying cup,30.6,0.4052468685739906,2,29,30.6,7.5,2,27.1,False
5200254000,1789025764618712000,371,video_contact_and_recorded_pose,Steadying cup,30.6,0.4068139022409673,2,29.4,30.6,7.5,2,27.5,False
5240258000,1789025764658716000,374,video_contact_and_recorded_pose,Steadying cup,30.6,0.40841397732396345,2,30.2,30.6,7.5,2,27.8,False
5280258000,1789025764698716000,376,video_contact_and_recorded_pose,Steadying cup,30.6,0.4100401889291129,2,30.6,30.6,7.5,2,28.2,False
5320259000,1789025764738717000,379,video_contact_and_recorded_pose,Steadying cup,31,0.4116861524911191,2,31,30.6,7.5,2,28.6,False
5360263000,1789025764778721000,382,video_contact_and_recorded_pose,Steadying cup,31.4,0.41334536755627727,2,31.4,30.6,7.5,2,28.6,False
5380263000,1789025764798721000,384,video_contact_and_recorded_pose,Steadying cup,31.8,0.41417775683353825,2,31.8,30.6,7.5,2,29,False
5420263000,1789025764838721000,387,video_contact_and_recorded_pose,Steadying cup,32.2,0.4158441490094594,2,32.2,31,7.5,2,29,False
5480268000,1789025764898726000,391,video_contact_and_recorded_pose,Steadying cup,33.3,0.41833563232412535,2,33.3,31,7.5,2,29.4,False
5520272000,1789025764938730000,394,video_contact_and_recorded_pose,Steadying cup,34.1,0.41998150176518584,2,34.1,31.4,7.8,2,30.2,False
5560272000,1789025764978730000,397,video_contact_and_recorded_pose,Steadying cup,34.9,0.42160740800527363,2,34.9,31.4,7.8,2,30.6,False
5620277000,1789025765038735000,401,video_contact_and_recorded_pose,Steadying cup,35.3,0.4239949389392594,2,35.3,31.4,7.8,2,31.4,False
5660277000,1789025765078735000,404,video_contact_and_recorded_pose,Steadying cup,35.7,0.4255425390008595,2,35.7,31.8,7.8,2,31.8,False
5680277000,1789025765098735000,405,video_contact_and_recorded_pose,Steadying cup,35.7,0.42630068407281185,2,35.7,31.8,7.8,2,31.4,False
5700277000,1789025765118735000,407,video_contact_and_recorded_pose,Steadying cup,36.1,0.42704729511184236,2,36.1,31.8,7.8,2,31.4,False
5760282000,1789025765178740000,411,video_contact_and_recorded_pose,Steadying cup,36.1,0.4292098685269488,2,36.1,31.8,7.8,2,31.8,False
5800286000,1789025765218744000,414,video_contact_and_recorded_pose,Steadying cup,36.1,0.4305788340504356,2,36.1,31.8,7.8,2,31.8,False
5820286000,1789025765238744000,415,video_contact_and_recorded_pose,Steadying cup,36.1,0.4312389493435125,2,36.1,31.8,7.8,2,31.8,False
5840286000,1789025765258744000,417,video_contact_and_recorded_pose,Steadying cup,36.1,0.43188176891642466,2,36.1,31.4,7.8,2,31.4,False
5900291000,1789025765318749000,421,video_contact_and_recorded_pose,Steadying cup,36.5,0.43369836682019647,2,36.5,31.4,7.8,2,31.4,False
5940291000,1789025765358749000,424,video_contact_and_recorded_pose,Steadying cup,36.5,0.4348077576473275,2,36.5,31.8,7.8,2,31.4,False
5960291000,1789025765378749000,425,video_contact_and_recorded_pose,Steadying cup,36.5,0.4353295132872304,2,36.5,31.8,7.8,2,31.4,False
5980291000,1789025765398749000,427,video_contact_and_recorded_pose,Steadying cup,36.5,0.435828211684335,2,36.5,31.8,7.8,2,31.8,False
6040295000,1789025765458753000,431,video_contact_and_recorded_pose,Steadying cup,36.5,0.43717781527582866,2,36.5,31.8,7.8,2,31.8,False
6120300000,1789025765538758000,437,video_contact_and_recorded_pose,Steadying cup,36.9,0.4386044966662037,2.4,36.9,31.4,7.8,2,31.8,False
6140300000,1789025765558758000,438,video_contact_and_recorded_pose,Steadying cup,36.9,0.4388890939673011,2.4,36.9,31.4,7.8,2,31.8,False
6160300000,1789025765578758000,440,video_contact_and_recorded_pose,Steadying cup,36.9,0.43914322624782237,2.4,36.9,31.4,7.8,2,31.8,False
6180305000,1789025765598763000,441,video_contact_and_recorded_pose,Steadying cup,36.9,0.43936612219295484,2.4,36.9,31.4,7.8,2,31.8,False
6220305000,1789025765638763000,444,video_contact_and_recorded_pose,Steadying cup,36.9,0.4397146377765797,2.4,36.9,31.8,8.2,2,32.2,False
6260305000,1789025765678763000,447,video_contact_and_recorded_pose,Steadying cup,36.9,0.4399281237305749,2.4,36.9,31.8,7.8,2.4,32.2,False
6300309000,1789025765718767000,450,video_contact_and_recorded_pose,Holding filled cup,36.9,0.4400000070710478,2.4,36.9,31.8,7.8,2.4,31.8,False
6340309000,1789025765758767000,453,video_contact_and_recorded_pose,Holding filled cup,36.9,0.44011676302947195,2.4,36.9,31.8,8.2,2.4,31.8,False
6400314000,1789025765818772000,457,video_contact_and_recorded_pose,Holding filled cup,36.9,0.44069001171439454,2.4,36.9,31.8,8.2,2.4,31.8,False
6440314000,1789025765858772000,460,video_contact_and_recorded_pose,Holding filled cup,36.9,0.441306793989757,2.4,36.9,31.8,8.2,2.4,31.8,False
6460318000,1789025765878776000,461,video_contact_and_recorded_pose,Holding filled cup,36.9,0.4416777526225362,2.4,36.9,31.8,8.2,2.4,31.8,False
6480319000,1789025765898777000,463,video_contact_and_recorded_pose,Holding filled cup,37.3,0.4420868098542633,2.4,37.3,31.8,8.2,2.4,31.8,False
6540319000,1789025765958777000,467,video_contact_and_recorded_pose,Holding filled cup,37.3,0.44351646929366084,2.4,37.3,32.2,8.2,2.4,31.8,False
6560323000,1789025765978781000,469,video_contact_and_recorded_pose,Holding filled cup,37.3,0.44405186836948324,2.4,37.3,32.2,8.2,2.4,31.8,False
6620323000,1789025766038781000,473,video_contact_and_recorded_pose,Holding filled cup,37.6,0.4457970857094437,2.4,37.6,32.5,8.2,2.4,32.2,False
6660328000,1789025766078786000,476,video_contact_and_recorded_pose,Holding filled cup,37.6,0.4470504975919008,2.4,37.6,32.2,8.2,2.4,32.2,False
6680328000,1789025766098786000,477,video_contact_and_recorded_pose,Holding filled cup,38,0.4476961569798273,2.4,38,32.2,8.2,2.4,32.2,False
6720328000,1789025766138786000,480,video_contact_and_recorded_pose,Holding filled cup,38,0.44901236675156503,2.4,38,32.2,8.2,2.4,32.2,False
6760332000,1789025766178790000,483,video_contact_and_recorded_pose,Holding filled cup,38,0.4503443394818483,2.4,38,32.2,8.2,2,32.2,False
6800332000,1789025766218790000,486,video_contact_and_recorded_pose,Holding filled cup,38,0.45167073708805516,2.4,38,32.5,8.2,2,32.2,False
6860337000,1789025766278795000,490,video_contact_and_recorded_pose,Holding filled cup,38.4,0.45360419516510053,2.4,38.4,32.9,8.2,2.4,32.5,False
6900337000,1789025766318795000,493,video_contact_and_recorded_pose,Holding filled cup,38.4,0.45482479719372715,2.4,38.4,32.9,8.2,2.4,32.9,False
6940342000,1789025766358800000,496,video_contact_and_recorded_pose,Holding filled cup,38.4,0.45596634621072807,2.4,38.4,33.3,8.2,2.4,32.9,False
6960342000,1789025766378800000,497,video_contact_and_recorded_pose,Holding filled cup,38.4,0.4565007651397903,2.4,38.4,33.3,8.2,2.4,32.9,False
6980342000,1789025766398800000,499,video_contact_and_recorded_pose,Holding filled cup,38.4,0.4570074847108279,2.4,38.4,33.3,8.2,2.4,32.9,False
7040346000,1789025766458804000,,video_contact_only,Holding filled cup,36.5,0.4583351876546315,2.4,36.5,31,7.8,2.4,32.5,False
7080346000,1789025766498804000,,video_contact_only,Holding filled cup,36.5,0.45903347260574695,2.4,36.5,31,7.8,2.4,32.5,False
7120346000,1789025766538804000,,video_contact_only,Holding filled cup,36.9,0.45955774814122463,2.4,36.9,31,7.8,2.4,32.5,False
7140351000,1789025766558809000,,video_contact_only,Holding filled cup,36.9,0.45974808927361244,2.4,36.9,31.4,7.8,2.4,32.5,False
7160351000,1789025766578809000,,video_contact_only,Holding filled cup,36.9,0.45988697237967224,2.4,36.9,31.4,7.8,2.4,32.5,False
7220355000,1789025766638813000,,video_contact_only,Preparing to lift,36.9,0.4614848362884712,2.4,36.9,31.4,7.8,2.4,32.5,False
7260356000,1789025766678814000,,video_contact_only,Preparing to lift,37.6,0.4724613475751191,2.4,37.6,32.2,7.8,2.4,33.3,False
7280356000,1789025766698814000,,video_contact_only,Preparing to lift,38.4,0.48156208755817115,2.4,38.4,32.5,8.2,2.4,34.1,False
7320360000,1789025766738818000,,video_contact_only,Preparing to lift,40.4,0.5060137249299199,2.4,40.4,34.5,8.6,2.4,35.7,False
7400360000,1789025766818818000,,video_contact_only,Preparing to lift,45.9,0.574426232283994,2.7,45.9,38.8,9.8,2.7,40.8,False
7420365000,1789025766838823000,,video_contact_only,Preparing to lift,47.5,0.5944590048811491,2.7,47.5,40.4,10.2,2.7,42,False
7440365000,1789025766858823000,,video_contact_only,Preparing to lift,49,0.6152655375002227,3.1,49,41.6,10.6,2.7,43.5,False
7480365000,1789025766898823000,,video_contact_only,Preparing to lift,52.5,0.6584323405161487,3.1,52.5,44.7,11.4,3.1,46.7,False
7500369000,1789025766918827000,,video_contact_only,Preparing to lift,54.1,0.6804058997953047,3.5,54.1,46.3,11.8,3.1,48.2,False
7560369000,1789025766978827000,541,video_contact_and_recorded_pose,Preparing to lift,58.8,0.7455095639439044,3.5,58.8,52.5,12.9,3.5,50.2,False
7580370000,1789025766998828000,542,video_contact_and_recorded_pose,Preparing to lift,60.8,0.7662919977877103,3.9,60.8,54.1,13.3,3.5,52.2,False
7620374000,1789025767038832000,545,video_contact_and_recorded_pose,Preparing to lift,64.3,0.8053053706354039,3.9,64.3,56.9,14.1,3.5,54.9,False
7640374000,1789025767058832000,546,video_contact_and_recorded_pose,Preparing to lift,65.9,0.8231423074064561,3.9,65.9,58.4,14.1,3.9,56.1,False
7680374000,1789025767098832000,549,video_contact_and_recorded_pose,Preparing to lift,68.6,0.8545029880596702,4.3,68.6,60.4,14.5,3.9,58.8,False
7760379000,1789025767178837000,555,video_contact_and_recorded_pose,Preparing to lift,71.4,0.8944973791708819,4.3,71.4,62,14.9,3.9,62.4,False
7780379000,1789025767198837000,556,video_contact_and_recorded_pose,Preparing to lift,71.8,0.8986191679104891,4.3,71.8,62.4,14.9,3.9,62.7,False
7800383000,1789025767218841000,558,video_contact_and_recorded_pose,Lifting cup,71.4,0.8999999102231673,4.3,71.4,61.6,14.9,3.9,62.7,False
7840383000,1789025767258841000,561,video_contact_and_recorded_pose,Lifting cup,70.6,0.8990399592043218,4.3,70.6,61.2,14.5,3.9,62.4,False
7900388000,1789025767318846000,565,video_contact_and_recorded_pose,Lifting cup,68.6,0.8944198525658373,4.3,68.6,60,14.5,3.9,61.6,False
7940388000,1789025767358846000,568,video_contact_and_recorded_pose,Lifting cup,67.8,0.88954673330361,4.3,67.8,59.2,14.5,3.9,60.4,False
7960388000,1789025767378846000,569,video_contact_and_recorded_pose,Lifting cup,67.5,0.8866561776375108,4.3,67.5,59.2,14.1,3.9,60.4,False
8000392000,1789025767418850000,572,video_contact_and_recorded_pose,Lifting cup,66.7,0.8801063154002544,4.3,66.7,58.4,14.1,3.9,59.6,False
8040393000,1789025767458851000,575,video_contact_and_recorded_pose,Lifting cup,65.5,0.8727194096166346,4.3,65.5,57.6,14.1,3.9,58.8,False
8080397000,1789025767498855000,578,video_contact_and_recorded_pose,Lifting cup,64.3,0.8647183121659947,4.3,64.3,56.9,13.7,3.9,58,False
8120397000,1789025767538855000,581,video_contact_and_recorded_pose,Lifting cup,63.1,0.856328373339802,4.3,63.1,56.5,14.1,3.9,57.6,False
8140397000,1789025767558855000,582,video_contact_and_recorded_pose,Lifting cup,62.4,0.8520572693494465,4.3,62.4,56.1,13.7,3.9,57.3,False
8180402000,1789025767598860000,585,video_contact_and_recorded_pose,Lifting cup,60.4,0.8435016705593729,4.3,60.4,55.7,13.7,3.9,58,False
8220402000,1789025767638860000,588,video_contact_and_recorded_pose,Lifting cup,58,0.8351173226832681,3.9,58,54.9,13.7,3.5,57.6,False
8260406000,1789025767678864000,591,video_contact_and_recorded_pose,Lifting cup,57.6,0.8271262899491566,3.9,57.3,54.1,13.7,3.5,57.6,False
8320406000,1789025767738864000,595,video_contact_and_recorded_pose,Lifting cup,57.3,0.8163697255587659,3.9,56.9,53.7,13.7,3.5,57.3,False
8340407000,1789025767758865000,597,video_contact_and_recorded_pose,Lifting cup,57.3,0.8132236735203201,3.9,56.9,53.7,13.7,3.5,57.3,False
8360411000,1789025767778869000,598,video_contact_and_recorded_pose,Lifting cup,56.9,0.8103436963788087,3.9,56.5,53.7,13.7,3.5,56.9,False
8440411000,1789025767858869000,604,video_contact_and_recorded_pose,Lifting cup,56.9,0.8020506121461788,3.9,55.3,53.7,13.3,3.5,56.9,False
8460416000,1789025767878874000,605,video_contact_and_recorded_pose,Lifting cup,56.9,0.8009231567428987,3.9,55.3,53.7,13.3,3.5,56.9,False
8500416000,1789025767918874000,608,video_contact_and_recorded_pose,Carrying cup,56.9,0.8000000046139735,3.9,55.3,53.7,13.3,3.5,56.9,False
8540420000,1789025767958878000,611,video_contact_and_recorded_pose,Carrying cup,56.1,0.8000427847070568,3.9,55.3,54.1,13.3,3.5,56.1,False
8560420000,1789025767978878000,612,video_contact_and_recorded_pose,Carrying cup,55.7,0.8000947345668019,3.9,55.3,54.1,13.3,3.5,55.7,False
8580420000,1789025767998878000,614,video_contact_and_recorded_pose,Carrying cup,55.7,0.8001662991465471,3.9,55.7,54.1,13.3,3.5,55.7,False
8620420000,1789025768038878000,617,video_contact_and_recorded_pose,Carrying cup,56.5,0.8003659969104819,3.9,56.5,54.1,13.3,3.5,55.7,False
8680425000,1789025768098883000,621,video_contact_and_recorded_pose,Carrying cup,56.5,0.8007984740597569,3.9,56.5,54.1,13.3,3.5,55.7,False
8720425000,1789025768138883000,624,video_contact_and_recorded_pose,Carrying cup,58.4,0.801168726839905,3.9,57.3,50.6,14.1,3.9,58.4,False
8740429000,1789025768158887000,625,video_contact_and_recorded_pose,Carrying cup,59.2,0.8013767759443411,3.9,59.2,53.3,13.7,3.9,56.5,False
8760430000,1789025768178888000,627,video_contact_and_recorded_pose,Carrying cup,60.4,0.8015992908767229,3.9,60.4,54.9,13.7,3.5,55.7,False
8800430000,1789025768218888000,630,video_contact_and_recorded_pose,Carrying cup,60.8,0.8020855069574577,3.9,60.8,56.1,14.1,3.9,55.3,False
8860434000,1789025768278892000,634,video_contact_and_recorded_pose,Carrying cup,61.2,0.8029093755389011,3.9,61.2,56.9,14.1,3.9,55.7,False
8900434000,1789025768318892000,637,video_contact_and_recorded_pose,Carrying cup,61.2,0.803514940180054,3.9,61.2,57.3,14.1,3.9,55.7,False
8940439000,1789025768358897000,640,video_contact_and_recorded_pose,Carrying cup,60.8,0.8041603606275073,3.9,60.8,56.9,13.7,3.9,55.7,False
8960439000,1789025768378897000,641,video_contact_and_recorded_pose,Carrying cup,60.8,0.8044965240934242,3.9,60.8,56.5,13.7,3.9,56.1,False
8980439000,1789025768398897000,643,video_contact_and_recorded_pose,Carrying cup,60.8,0.804840923961119,3.9,60.8,56.5,13.7,3.9,56.5,False
9040443000,1789025768458901000,647,video_contact_and_recorded_pose,Carrying cup,61.2,0.8059179268402955,3.9,61.2,56.9,14.1,3.9,56.1,False
9080443000,1789025768498901000,650,video_contact_and_recorded_pose,Carrying cup,61.6,0.8066666341262229,3.9,61.6,57.3,14.1,3.9,56.1,False
9100444000,1789025768518902000,651,video_contact_and_recorded_pose,Carrying cup,61.6,0.8070485258503546,3.9,61.6,57.6,14.1,3.9,56.1,False
9120448000,1789025768538906000,653,video_contact_and_recorded_pose,Carrying cup,61.6,0.8074347302469291,3.9,61.6,57.6,14.1,3.9,55.7,False
9180448000,1789025768598906000,657,video_contact_and_recorded_pose,Carrying cup,62.7,0.8086129476320939,3.9,62.7,58,14.5,3.9,55.7,False
9220453000,1789025768638911000,660,video_contact_and_recorded_pose,Carrying cup,63.1,0.8094093657217878,3.9,63.1,58.4,14.5,3.9,55.7,False
9260453000,1789025768678911000,663,video_contact_and_recorded_pose,Carrying cup,66.3,0.8102090464634165,3.9,66.3,52.5,12.9,3.9,58.4,False
9280453000,1789025768698911000,664,video_contact_and_recorded_pose,Carrying cup,67.5,0.8106087252840086,3.9,67.5,55.3,13.7,3.9,56.5,False
9320457000,1789025768738915000,667,video_contact_and_recorded_pose,Carrying cup,63.9,0.8114049946743261,3.9,63.9,59.6,14.9,4.3,55.3,False
9400462000,1789025768818920000,673,video_contact_and_recorded_pose,Carrying cup,62,0.8129688692604633,3.9,59.2,62,15.3,4.3,52.9,False
9440462000,1789025768858920000,676,video_contact_and_recorded_pose,Carrying cup,61.6,0.8137273537023799,3.9,58.8,61.6,15.3,4.3,53.3,False
9460462000,1789025768878920000,677,video_contact_and_recorded_pose,Carrying cup,62,0.814098753989116,3.9,58.4,62,15.3,4.3,53.3,False
9480462000,1789025768898920000,679,video_contact_and_recorded_pose,Carrying cup,62,0.8144641678011855,3.9,57.6,62,15.3,4.3,52.9,False
9520466000,1789025768938924000,682,video_contact_and_recorded_pose,Carrying cup,62.4,0.815174830042103,3.9,56.9,62.4,15.3,4.3,51.4,False
9560467000,1789025768978925000,684,video_contact_and_recorded_pose,Carrying cup,62.7,0.8158546633893379,3.9,56.5,62.7,15.7,4.3,50.6,False
9620471000,1789025769038929000,689,video_contact_and_recorded_pose,Carrying cup,62.7,0.8168067926098015,3.9,56.1,62.7,15.7,4.3,48.6,False
9640471000,1789025769058929000,690,video_contact_and_recorded_pose,Carrying cup,62.7,0.8171038297545664,3.9,56.1,62.7,15.7,4.3,49,False
9660471000,1789025769078929000,692,video_contact_and_recorded_pose,Carrying cup,63.1,0.8173897601686646,3.9,56.1,63.1,15.7,4.3,49,False
9720476000,1789025769138934000,696,video_contact_and_recorded_pose,Carrying cup,65.9,0.8181752827877924,3.9,65.9,57.6,14.5,3.9,57.3,False
9760476000,1789025769178934000,699,video_contact_and_recorded_pose,Carrying cup,63.5,0.8186329538421436,3.9,63.5,61.6,15.3,4.3,58,False
9800480000,1789025769218938000,702,video_contact_and_recorded_pose,Carrying cup,65.1,0.8190325809745708,3.9,65.1,59.2,14.5,3.9,56.1,False
9820480000,1789025769238938000,703,video_contact_and_recorded_pose,Carrying cup,63.9,0.8192091703692492,3.9,63.9,56.1,14.1,3.9,55.7,False
9900485000,1789025769318943000,709,video_contact_and_recorded_pose,Carrying cup,62.4,0.8197475939697442,3.9,62.4,62,15.3,4.3,56.1,False
9940485000,1789025769358943000,712,video_contact_and_recorded_pose,Carrying cup,62.4,0.8199080441477945,3.9,62.4,62,15.3,4.3,56.1,False
9960490000,1789025769378948000,713,video_contact_and_recorded_pose,Carrying cup,66.3,0.8199591032470441,3.9,66.3,61.2,14.9,3.9,55.7,False
9980490000,1789025769398948000,715,video_contact_and_recorded_pose,Carrying cup,68.2,0.8199899376126026,3.9,68.2,59.2,14.9,3.9,57.6,False
10040490000,1789025769458948000,719,video_contact_and_recorded_pose,Holding cup,64.7,0.8200311373795601,3.9,64.7,61.6,15.3,4.3,56.1,False
10080494000,1789025769498952000,722,video_contact_and_recorded_pose,Holding cup,63.5,0.8201217319508265,3.9,63.5,62.4,15.3,4.3,54.9,False
10100494000,1789025769518952000,723,video_contact_and_recorded_pose,Holding cup,63.1,0.8201887053916346,3.9,63.1,62.4,15.3,4.3,54.5,False
10160499000,1789025769578957000,728,video_contact_and_recorded_pose,Holding cup,62.7,0.8204734222894541,3.9,61.6,62.7,15.3,4.3,53.7,False
10200499000,1789025769618957000,731,video_contact_and_recorded_pose,Holding cup,62.7,0.8207305697496519,3.9,61.2,62.7,15.3,4.3,53.3,False
10260503000,1789025769678961000,735,video_contact_and_recorded_pose,Holding cup,63.1,0.8212124343956965,3.9,60,63.1,15.7,4.3,52.2,False
10300504000,1789025769718962000,738,video_contact_and_recorded_pose,Holding cup,63.1,0.8215948730563459,3.9,59.2,63.1,15.7,4.3,51.4,False
10320504000,1789025769738962000,739,video_contact_and_recorded_pose,Holding cup,63.1,0.8218037118964562,3.9,59.2,63.1,15.7,4.3,51.4,False
10340508000,1789025769758966000,741,video_contact_and_recorded_pose,Holding cup,63.5,0.8220240175615161,3.9,59.2,63.5,15.7,4.3,51.4,False
10400508000,1789025769818966000,745,video_contact_and_recorded_pose,Holding cup,63.5,0.8227508777878123,3.9,59.2,63.5,15.7,4.3,51.4,False
10440513000,1789025769858971000,748,video_contact_and_recorded_pose,Holding cup,63.5,0.8232881233355042,3.9,59.2,63.5,15.7,4.3,51.4,False
10480513000,1789025769898971000,751,video_contact_and_recorded_pose,Holding cup,63.5,0.8238650922095891,3.9,58.8,63.5,15.7,4.3,51.4,False
10500513000,1789025769918971000,752,video_contact_and_recorded_pose,Holding cup,63.5,0.8241678827110156,3.9,58.8,63.5,15.7,4.3,51.4,False
10540517000,1789025769958975000,755,video_contact_and_recorded_pose,Holding cup,63.5,0.8248009121156473,3.9,58.8,63.5,15.7,4.3,51.4,False
10580517000,1789025769998975000,758,video_contact_and_recorded_pose,Holding cup,63.5,0.825468752541249,3.9,58.4,63.5,15.7,4.3,51.4,False
10620522000,1789025770038980000,761,video_contact_and_recorded_pose,Holding cup,63.5,0.8261695889635968,3.9,58.4,63.5,15.7,4.3,51,False
10660522000,1789025770078980000,764,video_contact_and_recorded_pose,Holding cup,63.5,0.8269012799106787,3.9,58.8,63.5,15.7,4.3,51,False
10700522000,1789025770118980000,767,video_contact_and_recorded_pose,Holding cup,63.5,0.8276619448804166,3.9,58.8,63.5,15.7,4.3,51,False
10740527000,1789025770158985000,770,video_contact_and_recorded_pose,Holding cup,63.9,0.8284497178581964,3.9,58.8,63.9,15.7,4.3,50.6,False
10760527000,1789025770178985000,771,video_contact_and_recorded_pose,Holding cup,63.9,0.8288530694272781,3.9,59.2,63.9,15.7,4.3,50.6,False
10800527000,1789025770218985000,774,video_contact_and_recorded_pose,Holding cup,63.9,0.8296775707381134,3.9,59.2,63.9,15.7,4.3,51,False
10840531000,1789025770258989000,777,video_contact_and_recorded_pose,Holding cup,63.9,0.830524250244415,3.9,59.2,63.9,15.7,4.3,51,False
10880531000,1789025770298989000,780,video_contact_and_recorded_pose,Holding cup,63.9,0.8313909723833701,3.9,59.6,63.9,15.7,4.3,51.4,False
10940536000,1789025770358994000,784,video_contact_and_recorded_pose,Holding cup,64.3,0.8327246040997441,3.9,59.6,64.3,15.7,4.3,51,False
10980536000,1789025770398994000,787,video_contact_and_recorded_pose,Holding cup,64.3,0.8336330419679016,3.9,59.6,64.3,15.7,4.3,51,False
11000540000,1789025770418998000,788,video_contact_and_recorded_pose,Holding cup,64.3,0.8340924427189378,3.9,59.6,64.3,15.7,4.3,50.6,False
11040541000,1789025770458999000,791,video_contact_and_recorded_pose,Holding cup,64.3,0.835020034802845,3.9,59.2,64.3,15.7,4.3,51,False
11080541000,1789025770498999000,794,video_contact_and_recorded_pose,Holding cup,64.3,0.8359578991713739,3.9,59.2,64.3,15.7,4.3,51,False
11120545000,1789025770539003000,797,video_contact_and_recorded_pose,Holding cup,64.3,0.8369041877589907,4.3,64.3,63.5,15.7,4.3,53.7,False
11140545000,1789025770559003000,798,video_contact_and_recorded_pose,Holding cup,69.4,0.8373797939295046,4.3,69.4,62.4,15.3,3.9,56.1,False
11160545000,1789025770579003000,800,video_contact_and_recorded_pose,Holding cup,69,0.8378567450830585,4.3,69,62.4,15.3,4.3,57.3,False
11200550000,1789025770619008000,803,video_contact_and_recorded_pose,Holding cup,65.1,0.8388138191114681,4.3,65.1,63.1,15.7,4.3,57.6,False
11260550000,1789025770679008000,807,video_contact_and_recorded_pose,Holding cup,63.9,0.8402531939878841,4.3,63.5,63.9,15.7,4.3,57.3,False
11300554000,1789025770719012000,810,video_contact_and_recorded_pose,Holding cup,64.3,0.8412126344898179,4.3,63.1,64.3,15.7,4.3,57.3,False
11320554000,1789025770739012000,811,video_contact_and_recorded_pose,Holding cup,64.3,0.8416914978128773,4.3,63.1,64.3,15.7,4.3,57.3,False
11360554000,1789025770779012000,814,video_contact_and_recorded_pose,Holding cup,64.3,0.8426463777963401,4.3,63.1,64.3,15.7,4.3,56.9,False
11400559000,1789025770819017000,817,video_contact_and_recorded_pose,Holding cup,64.3,0.8435959420887494,4.3,62.7,64.3,15.7,4.3,55.7,False
11440559000,1789025770859017000,820,video_contact_and_recorded_pose,Holding cup,64.3,0.844537987043897,4.3,62.4,64.3,15.7,4.3,55.3,False
11460559000,1789025770879017000,821,video_contact_and_recorded_pose,Holding cup,64.3,0.845005620017983,4.3,62.4,64.3,15.7,4.3,54.9,False
11480564000,1789025770899022000,823,video_contact_and_recorded_pose,Holding cup,64.3,0.8454707815604958,4.3,62.4,64.3,15.7,4.3,54.5,False
11520564000,1789025770939022000,826,video_contact_and_recorded_pose,Holding cup,64.7,0.8463921261842577,4.3,62,64.7,16.1,4.3,53.7,False
11580568000,1789025770999026000,830,video_contact_and_recorded_pose,Holding cup,64.7,0.8477486828278732,4.3,61.6,64.7,16.1,4.3,52.9,False
11620568000,1789025771039026000,833,video_contact_and_recorded_pose,Holding cup,65.1,0.848633092424213,4.3,61.2,65.1,16.1,4.3,52.2,False
11640568000,1789025771059026000,834,video_contact_and_recorded_pose,Holding cup,65.1,0.8490685897930069,4.3,61.2,65.1,16.1,4.3,52.2,False
11680573000,1789025771099031000,837,video_contact_and_recorded_pose,Holding cup,68.6,0.8499250466338174,4.3,68.6,61.6,14.9,3.9,54.5,False
11720573000,1789025771139031000,839,video_contact_and_recorded_pose,Holding cup,75.7,0.850760231666012,4.3,75.7,58.4,14.1,3.9,56.5,False
11760577000,1789025771179035000,842,video_contact_and_recorded_pose,Holding cup,66.3,0.8515723670775118,4.3,66.3,63.9,16.1,4.3,56.5,False
11800577000,1789025771219035000,845,video_contact_and_recorded_pose,Holding cup,66.3,0.8523593242136323,4.3,66.3,63.9,16.1,4.3,56.5,False
11840578000,1789025771259036000,848,video_contact_and_recorded_pose,Holding cup,77.3,0.8531192380317605,4.3,77.3,65.5,16.1,4.3,56.9,False
11880582000,1789025771299040000,851,video_contact_and_recorded_pose,Holding cup,77.6,0.8538501759857382,4.3,77.6,66.3,16.1,4.3,57.3,False
11920582000,1789025771339040000,854,video_contact_and_recorded_pose,Holding cup,78.4,0.8545500450025862,4.3,78.4,66.3,16.1,4.3,58.4,False
11960587000,1789025771379045000,857,video_contact_and_recorded_pose,Holding cup,77.6,0.8552170347943208,4.3,77.6,63.1,16.1,4.3,60.8,False
12020587000,1789025771439045000,861,video_contact_and_recorded_pose,Holding cup,77.3,0.8561512891875499,4.3,77.3,60.8,16.1,4.3,60.8,False
12040591000,1789025771459049000,862,video_contact_and_recorded_pose,Holding cup,77.3,0.8564441546506117,4.3,77.3,60.8,16.1,4.3,60.8,False
12080591000,1789025771499049000,865,video_contact_and_recorded_pose,Holding cup,76.1,0.8570003764371654,4.3,76.1,62.7,15.7,4.3,58.8,False
12120592000,1789025771539050000,868,video_contact_and_recorded_pose,Holding cup,75.3,0.8575157853730891,4.3,75.3,62.7,15.7,4.3,59.6,False
12160596000,1789025771579054000,871,video_contact_and_recorded_pose,Holding cup,75.3,0.8579884346227129,4.3,75.3,62.7,15.7,3.9,60,False
12180596000,1789025771599054000,872,video_contact_and_recorded_pose,Holding cup,75.3,0.8582080733057825,4.3,75.3,62.7,15.7,3.9,60,False
12240601000,1789025771659059000,877,video_contact_and_recorded_pose,Holding cup,74.9,0.8587974399703856,4.3,74.9,63.9,15.7,4.3,56.9,False
12280601000,1789025771699059000,880,video_contact_and_recorded_pose,Holding cup,72.2,0.8591298624945758,4.3,72.2,63.1,15.3,3.9,57.6,False
12300601000,1789025771719059000,881,video_contact_and_recorded_pose,Holding cup,72.2,0.8592772005990388,4.3,72.2,63.1,15.3,3.9,57.6,False
12340605000,1789025771759063000,884,video_contact_and_recorded_pose,Holding cup,76.5,0.8595329246150493,4.3,76.5,63.9,15.7,4.3,60.4,False
12380605000,1789025771799063000,887,video_contact_and_recorded_pose,Holding cup,76.5,0.8597350150295234,4.3,76.5,63.9,16.1,4.3,60.4,False
12400605000,1789025771819063000,888,video_contact_and_recorded_pose,Holding cup,76.1,0.8598153438054006,4.3,76.1,64.7,16.1,4.3,59.6,False
12480610000,1789025771899068000,894,video_contact_and_recorded_pose,Holding cup,65.1,0.859992818660987,4.3,65.1,60,14.1,3.9,56.9,False
12500610000,1789025771919068000,895,video_contact_and_recorded_pose,Moving into microwave,65.1,0.8599999621094883,4.3,65.1,60,14.1,3.9,56.9,False
12540614000,1789025771959072000,898,video_contact_and_recorded_pose,Moving into microwave,72.9,0.8598345228347042,4.3,72.9,63.9,15.7,4.3,57.3,False
12580615000,1789025771999073000,901,video_contact_and_recorded_pose,Moving into microwave,65.9,0.8593578503970857,4.3,65.9,60.8,14.5,3.9,56.5,False
12620619000,1789025772039077000,904,video_contact_and_recorded_pose,Moving into microwave,66.7,0.8585843623348587,4.3,66.7,60.4,14.1,3.9,56.9,False
12640619000,1789025772059077000,905,video_contact_and_recorded_pose,Moving into microwave,69.8,0.8580909024627266,4.3,69.8,60.8,14.9,3.9,56.9,False
12680619000,1789025772099077000,908,video_contact_and_recorded_pose,Moving into microwave,73.7,0.8568995417884211,4.3,73.7,60.8,15.3,4.3,56.9,False
12740624000,1789025772159082000,912,video_contact_and_recorded_pose,Moving into microwave,71,0.854628346629847,4.3,71,60.4,15.3,3.9,58.4,False
12760624000,1789025772179082000,914,video_contact_and_recorded_pose,Moving into microwave,67.5,0.8537495292944155,4.3,67.5,59.6,14.9,3.9,58.4,False
12800628000,1789025772219086000,917,video_contact_and_recorded_pose,Moving into microwave,64.7,0.8518198436005529,4.3,64.7,58.8,14.5,3.9,57.3,False
12840628000,1789025772259086000,920,video_contact_and_recorded_pose,Moving into microwave,65.9,0.8496732829935119,4.3,65.9,58.8,14.1,3.9,56.9,False
12900633000,1789025772319091000,924,video_contact_and_recorded_pose,Moving into microwave,67.8,0.8460778311091273,4.3,67.8,58.8,14.1,3.9,57.3,False
12940633000,1789025772359091000,927,video_contact_and_recorded_pose,Moving into microwave,69,0.8434519819709567,4.3,69,59.2,14.1,3.9,57.3,False
12960633000,1789025772379091000,928,video_contact_and_recorded_pose,Moving into microwave,69,0.8420757688792377,4.3,69,58.8,14.1,3.9,57.3,False
12980637000,1789025772399095000,930,video_contact_and_recorded_pose,Moving into microwave,69,0.8406594906491252,4.3,69,58.8,14.1,3.9,57.3,False
13000638000,1789025772419096000,931,video_contact_and_recorded_pose,Moving into microwave,68.6,0.8392054510626743,4.3,68.6,58.8,14.1,3.9,57.3,False
13040638000,1789025772459096000,934,video_contact_and_recorded_pose,Moving into microwave,72.2,0.8361908574265224,4.3,72.2,62.4,15.3,3.9,59.2,False
13120642000,1789025772539100000,940,video_contact_and_recorded_pose,Moving into microwave,63.9,0.8297854064366096,3.9,63.9,58,13.3,3.9,54.5,False
13160642000,1789025772579100000,943,video_contact_and_recorded_pose,Moving into microwave,63.1,0.8264238422228115,3.9,63.1,57.3,13.3,3.9,52.5,False
13180647000,1789025772599105000,944,video_contact_and_recorded_pose,Moving into microwave,62.7,0.8247092182519818,3.9,62.7,56.9,13.3,3.9,52.2,False
13220647000,1789025772639105000,947,video_contact_and_recorded_pose,Moving into microwave,62.4,0.8212230554829966,3.9,62.4,56.5,13.3,3.9,51,False
13260651000,1789025772679109000,950,video_contact_and_recorded_pose,Moving into microwave,62,0.8176715839570448,3.9,62,56.1,12.9,3.9,51,False
13280651000,1789025772699109000,951,video_contact_and_recorded_pose,Moving into microwave,62,0.8158761949587889,3.9,62,56.1,12.9,3.9,50.6,False
13300651000,1789025772719109000,953,video_contact_and_recorded_pose,Moving into microwave,73.7,0.8140700007012741,3.9,73.7,60,14.9,3.9,54.1,False
13340652000,1789025772759110000,956,video_contact_and_recorded_pose,Moving into microwave,67.1,0.8104323479387617,3.9,67.1,58,14.1,3.5,54.9,False
13400656000,1789025772819114000,960,video_contact_and_recorded_pose,Moving into microwave,68.6,0.8049398666773159,3.9,68.6,57.3,14.1,3.5,54.9,False
13440656000,1789025772859114000,963,video_contact_and_recorded_pose,Moving into microwave,69.8,0.8012757350066833,3.9,69.8,58,14.5,3.9,56.9,False
13460661000,1789025772879119000,964,video_contact_and_recorded_pose,Moving into microwave,69,0.7994478287554199,3.9,69,59.6,14.9,3.9,57.6,False
13500661000,1789025772919119000,,video_contact_only,Moving into microwave,63.5,0.7958112175755013,3.9,63.5,54.1,13.7,3.9,56.5,False
13540661000,1789025772959119000,970,video_contact_and_recorded_pose,Moving into microwave,66.7,0.7922110597618377,3.9,66.7,54.9,13.7,3.5,54.9,False
13580665000,1789025772999123000,973,video_contact_and_recorded_pose,Moving into microwave,70.6,0.7886614890193806,3.9,70.6,60.4,14.9,3.9,57.3,False
13600665000,1789025773019123000,974,video_contact_and_recorded_pose,Moving into microwave,70.6,0.7869105119064469,3.9,70.6,60.4,14.9,3.9,56.9,False
13620665000,1789025773039123000,976,video_contact_and_recorded_pose,Moving into microwave,70.6,0.785177701995159,3.9,70.6,60.4,14.9,3.9,56.9,False
13660670000,1789025773079128000,979,video_contact_and_recorded_pose,Moving into microwave,69.8,0.7817734066902278,3.9,69.8,55.3,13.3,3.5,57.6,False
13720670000,1789025773139128000,983,video_contact_and_recorded_pose,Moving into microwave,67.5,0.7768491348000426,3.9,67.5,57.6,14.1,3.9,55.7,False
13760675000,1789025773179133000,986,video_contact_and_recorded_pose,Moving into microwave,65.5,0.7737080435741015,3.9,65.5,55.7,13.7,3.5,54.9,False
13780675000,1789025773199133000,987,video_contact_and_recorded_pose,Moving into microwave,63.9,0.7721857732404682,3.9,63.9,53.7,13.7,3.5,54.1,False
13800675000,1789025773219133000,989,video_contact_and_recorded_pose,Moving into microwave,63.1,0.770697967310127,3.9,63.1,53.3,13.3,3.5,53.7,False
13860679000,1789025773279137000,993,video_contact_and_recorded_pose,Moving into microwave,61.6,0.7664591723362343,3.9,61.6,53.7,13.7,3.9,53.3,False
13900679000,1789025773319137000,996,video_contact_and_recorded_pose,Moving into microwave,61.2,0.7638390250021263,3.9,61.2,52.9,13.3,3.5,52.9,False
13940684000,1789025773359142000,999,video_contact_and_recorded_pose,Moving into microwave,69,0.7613999006032719,3.9,69,58.8,14.5,3.9,54.1,False
13980684000,1789025773399142000,1002,video_contact_and_recorded_pose,Moving into microwave,69,0.7591568959502195,3.9,69,58.8,14.5,3.9,54.1,False
14000684000,1789025773419142000,1004,video_contact_and_recorded_pose,Moving into microwave,65.1,0.7581133465948867,3.9,65.1,54.5,13.7,3.5,53.7,False
14020688000,1789025773439146000,1005,video_contact_and_recorded_pose,Moving into microwave,62.4,0.7571239878799744,3.9,62.4,52.2,13.3,3.5,53.7,False
14060688000,1789025773479146000,1008,video_contact_and_recorded_pose,Moving into microwave,56.5,0.7553160697373614,3.5,55.3,56.5,14.1,3.9,50.2,False
14100689000,1789025773519147000,1011,video_contact_and_recorded_pose,Moving into microwave,56.1,0.7537473769878362,3.5,55.3,56.1,14.1,3.9,50.2,False
14120693000,1789025773539151000,1012,video_contact_and_recorded_pose,Moving into microwave,57.3,0.7530571701439547,3.5,57.3,55.3,13.7,3.9,50.6,False
14160693000,1789025773579151000,1015,video_contact_and_recorded_pose,Moving into microwave,59.6,0.7518745997692244,3.5,59.6,58.4,14.9,3.9,46.3,False
14200693000,1789025773619151000,1018,video_contact_and_recorded_pose,Moving into microwave,65.5,0.7509675066949059,3.5,65.5,58.4,14.5,3.9,45.5,False
14280698000,1789025773699156000,1024,video_contact_and_recorded_pose,Moving into microwave,61.6,0.750037675383213,3.5,61.6,56.1,13.7,3.9,49.8,False
14300702000,1789025773719160000,1025,video_contact_and_recorded_pose,Placing cup,61.2,0.7499980503227676,3.5,61.2,55.7,13.7,3.9,51,False
14320702000,1789025773739160000,1027,video_contact_and_recorded_pose,Placing cup,60.8,0.7483496975150747,3.5,60.8,54.9,13.3,3.5,51.4,False
14360702000,1789025773779160000,1029,video_contact_and_recorded_pose,Placing cup,59.6,0.7365894391316895,3.5,59.6,54.1,13.3,3.5,50.6,False
14400707000,1789025773819165000,,video_contact_only,Placing cup,57.3,0.7152308590246924,3.5,57.3,48.6,12.2,3.5,50.6,False
14440707000,1789025773859165000,,video_contact_only,Placing cup,54.9,0.6863070273770195,3.5,54.9,46.7,11.8,3.1,48.6,False
14460707000,1789025773879165000,,video_contact_only,Placing cup,53.3,0.6696409502091831,3.1,53.3,45.5,11.4,3.1,47.5,False
14520712000,1789025773939170000,,video_contact_only,Placing cup,49,0.6138624712779972,3.1,49,41.6,10.6,2.7,43.5,False
14580716000,1789025773999174000,,video_contact_only,Placing cup,44.3,0.554744172848217,2.7,44.3,37.6,9.4,2.7,39.2,False
14620716000,1789025774039174000,,video_contact_only,Placing cup,41.2,0.5168583434270593,2.4,41.2,34.9,8.6,2.4,36.5,False
14640716000,1789025774059174000,,video_contact_only,Placing cup,40,0.4991328784444805,2.4,40,33.7,8.6,2.4,35.3,False
14660716000,1789025774079174000,,video_contact_only,Placing cup,38.4,0.48255696661390013,2.4,38.4,32.5,8.2,2.4,34.1,False
14680721000,1789025774099179000,,video_contact_only,Placing cup,37.3,0.4673804512515599,2.4,37.3,31.8,7.8,2.4,32.9,False
14720721000,1789025774139179000,,video_contact_only,Placing cup,35.3,0.44225830830281787,2.4,35.3,29.8,7.5,2,31.4,False
14780725000,1789025774199183000,,video_contact_only,Placing cup,33.7,0.42143343056909255,2,33.7,28.6,7.1,2,29.8,False
14820725000,1789025774239183000,,video_contact_only,Unloading grip,33.3,0.41889738710339514,2,33.3,28.2,7.1,2,29.8,False
14840725000,1789025774259183000,,video_contact_only,Unloading grip,33.3,0.415859245315395,2,33.3,28.2,7.1,2,29.4,False
14900730000,1789025774319188000,,video_contact_only,Unloading grip,31.8,0.3968108052557404,2,31.8,27.1,6.7,2,28.2,False
14940730000,1789025774359188000,,video_contact_only,Unloading grip,30.2,0.3775257388327001,2,30.2,25.5,6.3,2,26.7,False
14960735000,1789025774379193000,,video_contact_only,Unloading grip,29.4,0.3664111769278307,2,29.4,24.7,6.3,1.6,25.9,False
15000735000,1789025774419193000,,video_contact_only,Unloading grip,27.5,0.3420940201588702,1.6,27.5,23.1,5.9,1.6,24.3,False
15020735000,1789025774439193000,,video_contact_only,Unloading grip,26.3,0.32922667569439046,1.6,26.3,22.4,5.5,1.6,23.5,False
15080739000,1789025774499197000,,video_contact_only,Unloading grip,23.1,0.28981449788774727,1.6,23.1,19.6,5.1,1.2,20.4,False
15120739000,1789025774539197000,,video_contact_only,Unloading grip,21.2,0.2645582639292571,1.2,21.2,18,4.3,1.2,18.8,False
15140739000,1789025774559197000,,video_contact_only,Unloading grip,20,0.2527420715580125,1.2,20,17.3,4.3,1.2,18,False
15180744000,1789025774599202000,,video_contact_only,Unloading grip,18.4,0.2315759385598652,1.2,18.4,15.7,3.9,1.2,16.5,False
15220744000,1789025774639202000,,video_contact_only,Unloading grip,17.3,0.21483077205347187,1.2,17.3,14.5,3.5,1.2,15.3,False
15260748000,1789025774679206000,,video_contact_only,Unloading grip,16.1,0.20385462283722228,1.2,16.1,13.7,3.5,0.8,14.5,False
15300749000,1789025774719207000,,video_contact_only,Releasing handle,16.1,0.1999972561601376,1.2,16.1,13.7,3.5,0.8,14.1,False
15320749000,1789025774739207000,,video_contact_only,Releasing handle,15.7,0.1979746645338755,0.8,15.7,13.3,3.5,0.8,14.1,False
15360753000,1789025774779211000,,video_contact_only,Releasing handle,14.5,0.18401397745868475,0.8,14.5,12.5,3.1,0.8,12.9,False
15420753000,1789025774839211000,,video_contact_only,Releasing handle,11.8,0.1450081256720501,0.8,11.8,9.8,2.4,0.8,10.2,False
15440758000,1789025774859216000,,video_contact_only,Releasing handle,10.2,0.12897571551066594,0.8,10.2,8.6,2.4,0.8,9,False
15460758000,1789025774879216000,,video_contact_only,Releasing handle,9,0.11218047794882371,0.4,9,7.5,2,0.4,7.8,False
15500758000,1789025774919216000,,video_contact_only,Releasing handle,6.3,0.07808115244613051,0.4,6.3,5.5,1.2,0.4,5.5,False
15520758000,1789025774939216000,,video_contact_only,Releasing handle,5.1,0.0616726913274355,0.4,5.1,4.3,1.2,0.4,4.3,False
15580762000,1789025774999220000,,video_contact_only,Releasing handle,1.6,0.020383699081616358,0,1.6,1.6,0.4,0,1.6,False
15620767000,1789025775039225000,,video_contact_only,Releasing handle,0.4,0.00395257615797226,0,0.4,0.4,0,0,0.4,False
15640767000,1789025775059225000,,video_contact_only,Releasing handle,0,0.0004101994567712042,0,0,0,0,0,0,False
15660767000,1789025775079225000,,video_contact_only,No contact,0,0,0,0,0,0,0,0,False
15720772000,1789025775139230000,,video_contact_only,No contact,0,0,0,0,0,0,0,0,False
15740772000,1789025775159230000,,video_contact_only,No contact,0,0,0,0,0,0,0,0,False
15800772000,1789025775219230000,,video_contact_only,No contact,0,0,0,0,0,0,0,0,False
15840776000,1789025775259234000,1135,video_contact_and_recorded_pose,No contact,0,0,0,0,0,0,0,0,False
15860776000,1789025775279234000,1136,video_contact_and_recorded_pose,No contact,0,0,0,0,0,0,0,0,False
15900776000,1789025775319234000,1139,video_contact_and_recorded_pose,No contact,0,0,0,0,0,0,0,0,False
15940781000,1789025775359239000,1142,video_contact_and_recorded_pose,No contact,0,0,0,0,0,0,0,0,False
15960781000,1789025775379239000,1143,video_contact_and_recorded_pose,No contact,0,0,0,0,0,0,0,0,False
16020785000,1789025775439243000,1148,video_contact_and_recorded_pose,No contact,0,0,0,0,0,0,0,0,False
16040785000,1789025775459243000,1149,video_contact_and_recorded_pose,No contact,0,0,0,0,0,0,0,0,False
16120790000,1789025775539248000,1155,video_contact_and_recorded_pose,No contact,0,0,0,0,0,0,0,0,False
16160790000,1789025775579248000,1158,video_contact_and_recorded_pose,No contact,0,0,0,0,0,0,0,0,False
16180790000,1789025775599248000,1159,video_contact_and_recorded_pose,No contact,0,0,0,0,0,0,0,0,False
16200795000,1789025775619253000,1161,video_contact_and_recorded_pose,No contact,0,0,0,0,0,0,0,0,False
16260795000,1789025775679253000,1165,video_contact_and_recorded_pose,No contact,0,0,0,0,0,0,0,0,False
16300799000,1789025775719257000,1168,video_contact_and_recorded_pose,No contact,0,0,0,0,0,0,0,0,False
16320799000,1789025775739257000,1169,video_contact_and_recorded_pose,No contact,0,0,0,0,0,0,0,0,False
16340799000,1789025775759257000,1171,video_contact_and_recorded_pose,No contact,0,0,0,0,0,0,0,0,False
16400804000,1789025775819262000,1175,video_contact_and_recorded_pose,No contact,0,0,0,0,0,0,0,0,False
16440804000,1789025775859262000,1178,video_contact_and_recorded_pose,No contact,0,0,0,0,0,0,0,0,False
16460804000,1789025775879262000,1179,video_contact_and_recorded_pose,No contact,0,0,0,0,0,0,0,0,False
16500809000,1789025775919267000,1182,video_contact_and_recorded_pose,No contact,0,0,0,0,0,0,0,0,False
16520809000,1789025775939267000,1184,video_contact_and_recorded_pose,No contact,0,0,0,0,0,0,0,0,False
16580813000,1789025775999271000,1188,video_contact_and_recorded_pose,No contact,0,0,0,0,0,0,0,0,False
16620813000,1789025776039271000,1191,video_contact_and_recorded_pose,No contact,0,0,0,0,0,0,0,0,False
16640813000,1789025776059271000,1192,video_contact_and_recorded_pose,No contact,0,0,0,0,0,0,0,0,False
16660818000,1789025776079276000,1194,video_contact_and_recorded_pose,No contact,0,0,0,0,0,0,0,0,False
16720818000,1789025776139276000,1194,video_contact_and_recorded_pose,No contact,0,0,0,0,0,0,0,0,True
